MWE,Regex,Quantity
Abanar o capacete,(abanar|abano|abanas|abana|abanamos|abanais|abanam|abanava|abanavas|abanávamos|abanáveis|abanavam|abanei|abaneaste|abanou|abanamos|abanastrastes|abanaram|abanarei|abanarás|abanará|abanaremos|abanareis|abanarão|abanaria|abanarias|abanaríamos|abanaríeis|abanariam|abane|abanes|abanemos|abaneis|abanem|abanando|abanado|abanada|abanados|abanadas|abanei|abaneaste|abanou|abanamos|abanastrastes|abanaram|abanara|abanas|abanáramos|abanastrastes|abanaram|tivesse|tivesses|tivéssemos|tivésseis|tivessem|tiver|tiveres|tivermos|tiverdes|tiverem|abanando|abanado|abanada|abanados|abanadas|abanar|abanares|abanar|abanarmos|abanardes|abanarem) o capacete,1
Abrir o gás,(abrir|abro|abres|abre|abrimos|abris|abrem|abri|abriste|abriu|abrimos|abristes|abriram|abriria|abririas|abriria|abriríamos|abriríeis|abririam|abria|abrias|abria|abríamos|abríeis|abriam|abri|abriste|abriu|abrimos|abristes|abriram|abrirei|abrirás|abrirá|abriremos|abrireis|abrirão|abrindo|aberto|abre|abramos|abri|abram) o gás,9
Acertar na lata,(acerto|acerta|acertas|acertamos|acertais|acertam|acertava|acertavas|acertávamos|acertáveis|acertavam|acertei|acertaste|acertou|acertamos|acertastes|acertaram|acertara|acertaras|acertáramos|acertáreis|acertaram|acertarei|acertarás|acertará|acertaremos|acertareis|acertarão|acertaria|acertarias|acertaria|acertaríamos|acertaríeis|acertariam) na lata,0
Achar por bem,(achar|acho|acha|achas|acha|acham|achamos|achais|acham|achava|achavas|achávamos|acháveis|achavam|achei|achaste|achou|achamos|achastes|acharam|achara|acharas|acháramos|acháreis|acharam|acharei|acharás|achará|acharemos|achareis|acharão|acharia|acharias|acharíamos|acharíeis|achariam|achasse|achasses|achássemos|achásseis|achassem|achar|achares|acharmos|achardes|acharem|acha|ache|achemos|acheis|achem) por bem,390
Acordar pra vida,(acordar|acordo|acordas|acorda|acordamos|acordais|acordam|acordava|acordavas|acordávamos|acordáveis|acordavam|acordei|acordaste|acordou|acordamos|acordastes|acordaram|acordarei|acordarás|acordará|acordaremos|acordareis|acordarão|acordaria|acordarias|acordaríamos|acordaríeis|acordariam|acorde|acordes|acordemos|acordeis|acordem|acordando|acordado|acordada|acordados|acordadas|acordai|acordai|acorde|acorde|acordemos|acordei|acordaste|acordou|acordamos|acordaram|acordara|acordaras|acordara|acordáramos|acordáreis|acordaram|acordar|acordares|acordar|acordarmos|acordardes|acordarem) pra vida,33
Alisar o couro,(alisar|aliso|alisas|alisa|alisamos|alisais|alisam|alisava|alisavas|alisávamos|alisáveis|alisavam|alisei|alisaste|alisou|alisamos|alisastes|alisaram|alisarei|alisarás|alisará|alisaremos|alisareis|alisarão|alisaria|alisarias|alisaríamos|alisaríeis|alisariam|alise|alises|alisemos|aliseis|alisem|alisando|alisado|alisada|alisados|alisadas|alisai|alisai|alise|alise|alisemos|alisei|alisaste|alisou|alisamos|alisaram|alisara|alisaras|alisara|alisáramos|alisáreis|alisaram|alisar|alisares|alisar|alisarmos|alisardes|alisarem) o couro,0
Amarrar o burro,(amarrar|amarrando|amarrado|amarrada|amarrados|amarradas|amarro|amarra|amarras|amarra|amarramos|amarrais|amarram|amarrava|amarravas|amarrava|amarrávamos|amarráveis|amarravam|amarrei|amarraste|amarraram|amarraremos|amarrareis|amarrarão|amarraria|amarrarias|amarraríamos|amarraríeis|amarrariam|amarre|amarres|amarre|amarrarmos|amarrardes|amarrarem|amarrando|amarrante|amarrantes|amarráveis|amarrado|amarrada|amarrados|amarradas) o burro,0
Amarrar um bode,(amarrar|amarrando|amarrado|amarrada|amarrados|amarradas|amarro|amarra|amarras|amarra|amarramos|amarrais|amarram|amarrava|amarravas|amarrava|amarrávamos|amarráveis|amarravam|amarrei|amarraste|amarraram|amarraremos|amarrareis|amarrarão|amarraria|amarrarias|amarraríamos|amarraríeis|amarrariam|amarre|amarres|amarre|amarrarmos|amarrardes|amarrarem|amarrando|amarrante|amarrantes|amarráveis|amarrado|amarrada|amarrados|amarradas) um bode,0
Andar às aranhas,(andar|ando|andas|anda|andamos|andais|andam|andava|andavas|andava|andávamos|andáveis|andavam|andei|andaste|andou|andamos|andastes|andaram|andarei|andarás|andará|andaremos|andareis|andarão|andaria|andarias|andaríamos|andaríeis|andariam|anda|andai|andem|andemos|andando|andado|andada|andados|andadas|andante|andantes|andáveis|anda) às aranhas,3
Bater fofo,(bato|bates|bate|batemos|batem|baterei|baterás|baterá|bateremos|baterão|bateria|baterias|bateria|bateríamos|bateriam|batia|batias|batia|batíamos|batiam|bati|batestes|bateu|batemos|bateram|bata|batas|bata|batamos|batais|batam|batendo|batido|batida|batidos|batidas|batente|batentes) fofo,0
Bater no ceguinho,(bato|bates|bate|batemos|batem|baterei|baterás|baterá|bateremos|baterão|bateria|baterias|bateria|bateríamos|bateriam|batia|batias|batia|batíamos|batiam|bati|batestes|bateu|batemos|bateram|bata|batas|bata|batamos|batais|batam|batendo|batido|batida|batidos|batidas|batente|batentes) no ceguinho,0
Bater o martelo,(bater|bato|bate|bates|bate|batem|batemos|bateis|batem|batia|batias|batíamos|batíeis|batiam|bati|bataste|bateu|batemos|batestes|bateram|batera|bateras|bateram|baterei|baterás|baterá|bateremos|baterão|bateria|baterias|bateríamos|bateríeis|bateriam|batesse|batesses|batêssemos|batêsseis|batessem|bater|bares|batermos|baterdes|baterem|bate|bata|batamos|batais|batam) o martelo,197
Borrar a pintura,(borro|borras|borra|borramos|borram|borrarei|borrarás|borrará|borraremos|borrarão|borraria|borrarias|borraria|borraríamos|borrariam|borrava|borravas|borrava|borrávamos|borravam|borrei|borraste|borrou|borramos|borraram|borre|borres|borre|borremos|borreis|borrem|borrando|borrado|borrada|borrados|borradas|borrador|borradores|borradora|borradoras|borrado|borrada|borrados|borradas) a pintura,0
Botar as barbas de molho,(botar|boto|botas|bota|botamos|botais|botam|botava|botavas|botávamos|botáveis|botavam|botei|botaste|botou|botamos|botastes|botaram|botarei|botarás|botará|botaremos|botareis|botarão|botaria|botarias|botaríamos|botaríeis|botariam|bote|botes|botemos|boteis|botem|botando|botado|botada|botados|botadas|botai|botai|bote|bote|botemos|botei|botaste|botou|botamos|botaram|botara|botaras|botara|botáramos|botáreis|botaram|botar|botares|botar|botarmos|botardes|botarem) as barbas de molho,4
Cair a ficha,(cair|caio|cai|cais|cai|caem|caímos|cais|caem|caía|caías|caíamos|caíeis|caíam|caí|caíste|caiu|caímos|caístes|caíram|caíra|caíras|caíramos|caíreis|caíram|cairei|cairás|cairá|cairemos|caireis|cairão|cairia|cairias|cairíamos|cairíeis|cairiam|caísse|caísses|caíssemos|caísseis|caíssem|cair|caíres|cairmos|cairdes|caírem|cai|caia|caiamos|caiais|caiam) a ficha,204
Cair de paraquedas,(cair|caio|cai|cais|cai|caem|caímos|cais|caem|caía|caías|caíamos|caíeis|caíam|caí|caíste|caiu|caímos|caístes|caíram|caíra|caíras|caíramos|caíreis|caíram|cairei|cairás|cairá|cairemos|caireis|cairão|cairia|cairias|cairíamos|cairíeis|cairiam|caísse|caísses|caíssemos|caísseis|caíssem|cair|caíres|cairmos|cairdes|caírem|cai|caia|caiamos|caiais|caiam) de paraquedas,56
Cair do cavalo,(cair|caio|cai|cais|cai|caem|caímos|caís|caem|caía|caías|caíamos|caíeis|caíam|caí|caíste|caiu|caímos|caístes|caíram|caíra|caíras|caíramos|caíreis|caíram|cairei|cairás|cairá|cairemos|caireis|cairão|cairia|cairias|cairíamos|cairíeis|cairiam|caísse|caísses|caíssemos|caísseis|caíssem|cair|caíres|cairmos|cairdes|caírem|caia|caiamos|caiais|caiam) do cavalo,145
Chegar a roupa ao pelo,(chegar|chego|chegas|chega|chegamos|chegais|chegam|chegava|chegavas|chegávamos|chegáveis|chegavam|cheguei|chegaste|chegou|chegamos|chegastes|chegaram|chegarei|chegarás|chegará|chegaremos|chegareis|chegarão|chegaria|chegarias|chegaríamos|chegaríeis|chegariam|chegue|chegues|cheguemos|chegueis|cheguem|chegando|chegado|chegada|chegados|chegadas|chegai|chegai|chegue|chegue|cheguemos|cheguei|chegaste|chegou|chegamos|chegaram|chegara|chegaras|chegara|chegáramos|chegáreis|chegaram|chegar|chegares|chegar|chegarmos|chegardes|chegarem) a roupa ao pelo,0
Cheirar a esturro,(cheiro|cheira|cheiramos|cheiram|cheiras|cheirava|cheiravam|cheiravas|cheirávamos|cheirará|cheirarão|cheirarás|cheiraremos|cheiraríamos|cheirariam|cheirarias|cheirasse|cheirassem|cheirasses|cheirásssemos|cheirar|cheirando|cheirado|cheirados|cheirada|cheiradas) a esturro,7
Chorar a rir,(choro|choras|chora|choramos|choram|chorarei|chorarás|chorará|choraremos|chorarão|choraria|chorarias|choraria|choraríamos|chorariam|chorava|choravas|chorava|chorávamos|choravam|chorei|choraste|chorou|choramos|choraram|chore|chores|chore|choremos|choreis|chorem|chorando|chorado|chorada|chorados|choradas|chorador|choradores|choradora|choradoras|chorado|chorada|chorados|choradas) a rir,4
Comer água,(como|comes|come|comemos|comem|comerei|comerás|comerá|comeremos|comerão|comeria|comerias|comeria|comeríamos|comeriam|comia|comias|comia|comíamos|comiam|comi|comeste|comeu|comemos|comeram|coma|comas|coma|comamos|comais|comam|comendo|comido|comida|comidos|comidas|comilão|comilões|comilona|comilonas|comido|comida|comidos|comidas) água,751
Comprar gato por lebre,(comprar|compro|compra|compras|compra|compram|compramos|comprais|compram|comprava|compravas|comprávamos|compráveis|compravam|comprei|compraste|comprou|compramos|comprastes|compraram|comprara|compraras|compráramos|compráreis|compraram|comprarei|comprarás|comprará|compraremos|comprareis|comprarão|compraria|comprarias|compraríamos|compraríeis|comprariam|comprasse|comprasses|comprássemos|comprásseis|comprassem|comprar|comprares|comprarmos|comprardes|comprarem|compra|compre|compremos|compreis|comprem) gato por lebre,29
Correr frouxo,(correr|corro|corres|corre|corremos|correis|correm|corria|corrias|corria|corríamos|corríeis|corriam|corri|correste|correu|corremos|correstes|correram|correria|correrias|correria|correríamos|correríeis|correriam|corri|correste|correu|corremos|correstes|correram|correndo|corrido|corra|corras|corra|corramos|corrais|corram) frouxo,1
Cortar as vazas,(corto|cortas|corta|cortamos|cortam|cortarei|cortarás|cortará|cortaremos|cortarão|cortaria|cortarias|cortaria|cortaríamos|cortariam|cortava|cortavas|cortava|cortávamos|cortavam|cortei|cortaste|cortou|cortamos|cortaram|corte|cortes|corte|cortemos|corteis|cortem|cortando|cortado|cortada|cortados|cortadas|cortador|cortadores|cortadora|cortadoras|cortado|cortada|cortados|cortadas) as vazas,0
Cortar prego,(corto|cortas|corta|cortamos|cortam|cortarei|cortarás|cortará|cortaremos|cortarão|cortaria|cortarias|cortaria|cortaríamos|cortariam|cortava|cortavas|cortava|cortávamos|cortavam|cortei|cortaste|cortou|cortamos|cortaram|corte|cortes|corte|cortemos|corteis|cortem|cortando|cortado|cortada|cortados|cortadas|cortador|cortadores|cortadora|cortadoras|cortado|cortada|cortados|cortadas) prego,0
Crescer água na boca,(cresço|cresces|cresce|crescemos|crescem|crescerei|crescerás|crescerá|cresceremos|crescerão|cresceria|crescerias|cresceria|cresceríamos|cresceriam|crescia|crescias|crescia|crescíamos|cresciam|cresci|cresceste|cresceu|crescemos|cresceram|cresça|cresças|cresça|cresçamos|cresçais|cresçam|crescendo|crescido|crescida|crescidos|crescidas|crescente|crescentes) água na boca,0
Dar a gota serena,(dar|dou|dá|dás|dá|dão|damos|dais|dão|dava|davas|dávamos|dáveis|davam|dei|deste|deu|demos|destes|deram|dera|deras|déramos|déreis|deram|darei|darás|dará|daremos|dareis|darão|daria|darias|daríamos|daríeis|dariam|desse|desses|dêssemos|dêsseis|dessem|dar|dares|darmos|dardes|darem|dá|dê|demos|dai|dêem) a gota serena,0
Dar nos dentes,(dar|dou|dá|dás|dá|dão|damos|dais|dão|dava|davas|dávamos|dáveis|davam|dei|deste|deu|demos|destes|deram|dera|deras|déramos|déreis|deram|darei|darás|dará|daremos|dareis|darão|daria|darias|daríamos|daríeis|dariam|desse|desses|dêssemos|dêsseis|dessem|dar|dares|darmos|dardes|darem|dá|dê|demos|dai|dêem) nos dentes,5
Dar o grau,(dou|dás|dá|damos|dais|dão|dava|davas|dávamos|dáveis|davam|dei|deste|deu|demos|deram|dera|deras|dera|déramos|déreis|darei|darás|dará|daremos|dareis|dareis|daria|darias|daríeis|daríamos|dariam|dê|dês|deem|desses|déssemos|désseis|dessem|der|deres|der|dermos|derdes|derem|dai) o grau,174
Dar o prego,(dou|dás|dá|damos|dais|dão|dava|davas|dávamos|dáveis|davam|dei|deste|deu|demos|deram|dera|deras|dera|déramos|déreis|darei|darás|dará|daremos|dareis|dareis|daria|darias|daríeis|daríamos|dariam|dê|dês|deem|desses|déssemos|désseis|dessem|der|deres|der|dermos|derdes|derem|dai) o prego,1
Dar sopa,(dou|dás|dá|damos|dais|dão|dava|davas|dávamos|dáveis|davam|dei|deste|deu|demos|deram|dera|deras|dera|déramos|déreis|darei|darás|dará|daremos|dareis|dareis|daria|darias|daríeis|daríamos|dariam|dê|dês|deem|desses|déssemos|désseis|dessem|der|deres|der|dermos|derdes|derem|dai) sopa,50
Engolir em seco,(engolir|engulo|engole|engoles|engole|engolem|engolimos|engolis|engolem|engolia|engolias|engolíamos|engolíeis|engoliam|engoli|engoliste|engoliu|engolimos|engolistes|engoliram|engolira|engoliras|engolíramos|engolíreis|engoliram|engolirei|engolirás|engolirá|engoliremos|engolireis|engolirão|engoliria|engolirias|engoliríamos|engoliríeis|engoliriam|engolisse|engolisses|engolíssemos|engolísseis|engolissem|engolir|engolires|engolirmos|engolirdes|engolirem|engole|engula|engulamos|engulais|engulam) em seco,45
Enterrar a cabeça na areia,(enterrar|enterro|enterras|enterra|enterramos|enterrais|enterram|enterrava|enterravas|enterrávamos|enterráveis|enterravam|enterrei|enterraste|enterrou|enterramos|enterrastes|enterraram|enterrarei|enterrarás|enterrará|enterraremos|enterrareis|enterrarão|enterraria|enterrarias|enterraríamos|enterraríeis|enterrariam|enterre|enterres|enterremos|enterreis|enterrem|enterrando|enterrado|enterrada|enterrados|enterradas|enterra|enterrai|enterre|enterre|enterremos|enterrei|enterraste|enterrou|enterramos|enterraram|enterrara|enterraras|enterrara|enterráramos|enterráreis|enterraram|enterrar|enterrares|enterrar|enterrarmos|enterrardes|enterrarem) a cabeça na areia,15
Entrar pelo cano,(entrar|entro|entra|entras|entra|entram|entramos|entrais|entram|entrava|entravas|entrávamos|entráveis|entravam|entrei|entraste|entrou|entramos|entrastes|entraram|entrara|entraras|entráramos|entráreis|entraram|entrarei|entrarás|entrará|entraremos|entrareis|entrarão|entraria|entrarias|entraríamos|entraríeis|entrariam|entrasse|entrasses|entrássemos|entrásseis|entrassem|entrar|entrares|entrarmos|entrardes|entrarem|entra|entre|entremos|entrai|entrem) pelo cano,48
Estar à nora,(estar|estando|estou|estás|está|estamos|estais|estão|estive|estiveste|esteve|estivemos|estivestes|estiveram|estava|estavas|estávamos|estáveis|estavam|estivera|estiveras|estivéramos|estivéreis|estiveram|estarei|estarás|estará|estaremos|estareis|estarão|estaria|estarias|estaríamos|estaríeis|estariam|esteja|estejas|estejamos|estejais|estejam|estivesse|estivesses|estivéssemos|estivésseis|estivessem|estiver|estiveres|estivermos|estiverdes|estiverem|estando|estai) a nora,1118
Estar a ver,(estar|estando|estou|estás|está|estamos|estais|estão|estive|estiveste|esteve|estivemos|estivestes|estiveram|estava|estavas|estávamos|estáveis|estavam|estivera|estiveras|estivéramos|estivéreis|estiveram|estarei|estarás|estará|estaremos|estareis|estarão|estaria|estarias|estaríamos|estaríeis|estariam|esteja|estejas|estejamos|estejais|estejam|estivesse|estivesses|estivéssemos|estivésseis|estivessem|estiver|estiveres|estivermos|estiverdes|estiverem|estando|estai) [aà] ver,246
Estar à vista,(estar|estando|estou|estás|está|estamos|estais|estão|estive|estiveste|esteve|estivemos|estivestes|estiveram|estava|estavas|estávamos|estáveis|estavam|estivera|estiveras|estivéramos|estivéreis|estiveram|estarei|estarás|estará|estaremos|estareis|estarão|estaria|estarias|estaríamos|estaríeis|estariam|esteja|estejas|estejamos|estejais|estejam|estivesse|estivesses|estivéssemos|estivésseis|estivessem|estiver|estiveres|estivermos|estiverdes|estiverem|estando|estai) [aà] vista,0
Estar aí para as curvas,(estar|estando|estou|estás|está|estamos|estais|estão|estive|estiveste|esteve|estivemos|estivestes|estiveram|estava|estavas|estávamos|estáveis|estavam|estivera|estiveras|estivéramos|estivéreis|estiveram|estarei|estarás|estará|estaremos|estareis|estarão|estaria|estarias|estaríamos|estaríeis|estariam|esteja|estejas|estejamos|estejais|estejam|estivesse|estivesses|estivéssemos|estivésseis|estivessem|estiver|estiveres|estivermos|estiverdes|estiverem|estando|estai) aí para as curvas,1
Estar às cegas,(estar|estando|estou|estás|está|estamos|estais|estão|estive|estiveste|esteve|estivemos|estivestes|estiveram|estava|estavas|estávamos|estáveis|estavam|estivera|estiveras|estivéramos|estivéreis|estiveram|estarei|estarás|estará|estaremos|estareis|estarão|estaria|estarias|estaríamos|estaríeis|estariam|esteja|estejas|estejamos|estejais|estejam|estivesse|estivesses|estivéssemos|estivésseis|estivessem|estiver|estiveres|estivermos|estiverdes|estiverem|estando|estai) às cegas,22
Estar com a cabeça nas nuvens,(estar|estando|estou|estás|está|estamos|estais|estão|estive|estiveste|esteve|estivemos|estivestes|estiveram|estava|estavas|estávamos|estáveis|estavam|estivera|estiveras|estivéramos|estivéreis|estiveram|estarei|estarás|estará|estaremos|estareis|estarão|estaria|estarias|estaríamos|estaríeis|estariam|esteja|estejas|estejamos|estejais|estejam|estivesse|estivesses|estivéssemos|estivésseis|estivessem|estiver|estiveres|estivermos|estiverdes|estiverem|estando|estai) com a cabeça nas nuvens,18
Estar com a corda no pescoço,(estar|estando|estou|estás|está|estamos|estais|estão|estive|estiveste|esteve|estivemos|estivestes|estiveram|estava|estavas|estávamos|estáveis|estavam|estivera|estiveras|estivéramos|estivéreis|estiveram|estarei|estarás|estará|estaremos|estareis|estarão|estaria|estarias|estaríamos|estaríeis|estariam|esteja|estejas|estejamos|estejais|estejam|estivesse|estivesses|estivéssemos|estivésseis|estivessem|estiver|estiveres|estivermos|estiverdes|estiverem|estando|estai) com a corda no pescoço,2
Estar com dor de cotovelo,(estar|estando|estou|estás|está|estamos|estais|estão|estive|estiveste|esteve|estivemos|estivestes|estiveram|estava|estavas|estávamos|estáveis|estavam|estivera|estiveras|estivéramos|estivéreis|estiveram|estarei|estarás|estará|estaremos|estareis|estarão|estaria|estarias|estaríamos|estaríeis|estariam|esteja|estejas|estejamos|estejais|estejam|estivesse|estivesses|estivéssemos|estivésseis|estivessem|estiver|estiveres|estivermos|estiverdes|estiverem|estando|estai) com dor de cotovelo,0
Estar de mãos atados,(estar|estando|estou|estás|está|estamos|estais|estão|estive|estiveste|esteve|estivemos|estivestes|estiveram|estava|estavas|estávamos|estáveis|estavam|estivera|estiveras|estivéramos|estivéreis|estiveram|estarei|estarás|estará|estaremos|estareis|estarão|estaria|estarias|estaríamos|estaríeis|estariam|esteja|estejas|estejamos|estejais|estejam|estivesse|estivesses|estivéssemos|estivésseis|estivessem|estiver|estiveres|estivermos|estiverdes|estiverem|estando|estai) de mãos atados,0
Estar de pés atados,(estar|estando|estou|estás|está|estamos|estais|estão|estive|estiveste|esteve|estivemos|estivestes|estiveram|estava|estavas|estávamos|estáveis|estavam|estivera|estiveras|estivéramos|estivéreis|estiveram|estarei|estarás|estará|estaremos|estareis|estarão|estaria|estarias|estaríamos|estaríeis|estariam|esteja|estejas|estejamos|estejais|estejam|estivesse|estivesses|estivéssemos|estivésseis|estivessem|estiver|estiveres|estivermos|estiverdes|estiverem|estando|estai) de pés atados,0
Estar em pele e osso,(estar|estando|estou|estás|está|estamos|estais|estão|estive|estiveste|esteve|estivemos|estivestes|estiveram|estava|estavas|estávamos|estáveis|estavam|estivera|estiveras|estivéramos|estivéreis|estiveram|estarei|estarás|estará|estaremos|estareis|estarão|estaria|estarias|estaríamos|estaríeis|estariam|esteja|estejas|estejamos|estejais|estejam|estivesse|estivesses|estivéssemos|estivésseis|estivessem|estiver|estiveres|estivermos|estiverdes|estiverem|estando|estai) em pele e osso,2
Estar nas suas sete quintas,(estar|estando|estou|estás|está|estamos|estais|estão|estive|estiveste|esteve|estivemos|estivestes|estiveram|estava|estavas|estávamos|estáveis|estavam|estivera|estiveras|estivéramos|estivéreis|estiveram|estarei|estarás|estará|estaremos|estareis|estarão|estaria|estarias|estaríamos|estaríeis|estariam|esteja|estejas|estejamos|estejais|estejam|estivesse|estivesses|estivéssemos|estivésseis|estivessem|estiver|estiveres|estivermos|estiverdes|estiverem|estando|estai) nas suas sete quintas,7
Estar(-se) nas tintas,(estou|estás|está|estamos|estais|estão|estava|estavas|estávamos|estáveis|estavam|estive|estiveste|esteve|estivemos|estivestes|estiveram|estarei|estarás|estará|estaremos|estareis|estarão|estaria|estarias|estaríamos|estaríeis|estariam|esteja|estejas|estejamos|estejais|estejam|estivesse|estivesses|estivéssemos|estivésseis|estivessem|estiver|estiveres|estiver|estivermos|estiverdes|estiverem|estando|estado|estada|estados|estadas|estai|esteja|estejamos|estejais|estejam|estive|estiveste|esteve|estivemos|estiveram|estara|estarás|estará|estaremos|estareis|estarão|estaria|estarias|estaria|estaríamos|estaríeis|estariam|esteja|estejas|esteja|estejamos|estejais|estejam|estivesse|estivesses|estivesse|estivéssemos|estivésseis|estivessem|estiver|estiveres|estiver|estivermos|estiverdes|estiverem)(-se)? nas tintas,1
Fazer cantiga de grilo,(faço|fazes|faz|fazemos|fazeis|fazem|fazia|fazias|fazíamos|fazíeis|faziam|fiz|fizeste|fez|fizemos|fizestes|fizeram|farei|farás|fará|faremos|fareis|farão|faríamos|faríeis|fariam|faça|faças|façamos|façais|façam|fizesse|fizesses|fizéssemos|fizésseis|fizessem|fizer|fizeres|fizer|fizermos|fizerdes|fizerem|fazendo|feito|feita|feitos|feitas|fazei|faça|façamos|façais|façam|fiz|fizeste|fez|fizemos|fizestes|fizeram|farei|farás|fará|faremos|fareis|farão|faríamos|faríeis|fariam|faça|faças|faça|façamos|façais|façam|fizesse|fizesses|fizesse|fizéssemos|fizésseis|fizessem|fizer|fizeres|fizer|fizermos|fizerdes|fizerem|fazendo) cantiga de grilo,0
Fazer sabão,(faço|fazes|faz|fazemos|fazem|farei|farás|fará|faremos|farão|faria|farias|faria|faríamos|fariam|fazia|fazias|fazia|fazíamos|faziam|fiz|fizeste|fez|fizemos|fizeram|faça|faças|faça|façamos|façais|façam|fazendo|feito|feita|feitos|feitas|fazedor|fazedores|fazedora|fazedoras|feito|feita|feitos|feitas) sabão,1
Ficar à sombra da bananeira,(fico|ficas|fica|ficamos|ficais|ficam|ficava|ficavas|ficávamos|ficáveis|ficavam|fiquei|ficaste|ficou|ficamos|ficastes|ficaram|ficarei|ficarás|ficará|ficaremos|ficareis|ficarão|ficaríamos|ficaríeis|ficariam|fique|fiques|fique|fiquemos|fiqueis|fiquem|ficasse|ficasses|ficássemos|ficásseis|ficassem|ficar|ficares|ficar|ficarmos|ficardes|ficarem|ficando|ficado|ficada|ficados|ficadas|fica|fique|fiquemos|fiqueis|fiquem|fiquei|ficaste|ficou|ficamos|ficastes|ficaram|ficarei|ficarás|ficará|ficaremos|ficareis|ficarão|ficaríamos|ficaríeis|ficariam|fique|fiques|fique|fiquemos|fiqueis|fiquem|ficasse|ficasses|ficássemos|ficásseis|ficassem|ficar|ficares|ficar|ficarmos|ficardes|ficarem|ficando) à sombra da bananeira,0
Jogar um balde de água fria,(jogar|jogo|joga|jogas|joga|jogam|jogamos|jogais|jogam|jogava|jogavas|jogávamos|jogáveis|jogavam|joguei|jogaste|jogou|jogamos|jogastes|jogaram|jogara|jogaras|jogáramos|jogáreis|jogaram|jogarei|jogarás|jogará|jogaremos|jogareis|jogarão|jogaria|jogarias|jogaríamos|jogaríeis|jogariam|jogasse|jogasses|jogássemos|jogásseis|jogassem|jogar|jogares|jogarmos|jogardes|jogarem|joga|jogue|joguemos|jogueis|joguem) um balde de água fria,19
Malhar em ferro frio,(malho|malhas|malha|malhamos|malhais|malham|malhava|malhavas|malhávamos|malháveis|malhavam|malhei|malhaste|malhou|malhamos|malhastes|malharam|malharei|malharás|malhará|malharemos|malhareis|malharão|malharia|malharias|malharíamos|malharíeis|malhariam|malhe|malhes|malhe|malhemos|malheis|malhem|malhasse|malhasses|malhássemos|malhásseis|malhassem|malhar|malhares|malhar|malharmos|malhardes|malharem|malhando|malhado|malhada|malhados|malhadas|malha|malhe|malhemos|malheis|malhem|malhei|malhaste|malhou|malhamos|malhastes|malharam|malharei|malharás|malhará|malharemos|malhareis|malharão|malharia|malharias|malharíamos|malharíeis|malhariam|malhe|malhes|malhe|malhemos|malheis|malhem|malhasse|malhasses|malhássemos|malhásseis|malhassem|malhar|malhares|malhar|malharmos|malhardes|malharem|malhando) em ferro frio,6
Não mover um dedo pra ajudar,Não (movo|moves|move|moverás|moverá|moveremos|moverão|mova|movas|mova|movamos|mova|movam|movendo|movendo-se|movido|movido|movida|movidas|movidos|movidas|movimento|movimentos|movidamente|movidamente|moverei|moverás|moverá|moveremos|moverão|moveria|moverias|moveria|moveríamos|moveriam) um dedo pra ajudar+,0
Não passar da cepa torta,Não (passo|passas|passa|passamos|passam|passarei|passarás|passará|passaremos|passarão|passaria|passarias|passaria|passaríamos|passariam|passava|passavas|passava|passávamos|passavam|passei|passaste|passou|passamos|passaram|passe|passes|passe|passemos|passeis|passem|passando|passado|passada|passados|passadas|passamento|passamentos|passadamente|passadamente|passador|passadores|passadora|passadoras|passado|passada|passados|passadas|passarinho|passarinhos|passarinha|passarinhas|passante|passantes|passantemente|passantemente|passarela|passarelas|passo|passos|passa|passos|passado|passada|passados|passadas) da cepa torta,0
Olhar de lado,(olhar|olho|olha|olhas|olha|olham|olhamos|olhais|olham|olhava|olhavas|olhávamos|olháveis|olhavam|olhei|olhaste|olhou|olhamos|olhastes|olharam|olhara|olharas|olháramos|olháreis|olharam|olharei|olharás|olhará|olharemos|olhareis|olharão|olharia|olharias|olharíamos|olharíeis|olhariam|olhasse|olhasses|olhássemos|olhásseis|olhassem|olhar|olhares|olharmos|olhardes|olharem|olho|olhe|olhemos|olhai|olhem) de lado,34
Ouvir das boas,(ouvir|ouça|ouças|ouça|ouvimos|ouvis|ouçam|ouvia|ouvias|ouvia|ouvíamos|ouvíeis|ouviam|ouvi|ouviste|ouviu|ouvimos|ouvistes|ouviram|oucira|ouviras|oucira|ouvíramos|ouvéreis|ouviram|ouvirei|ouvirás|ouvirá|ouviremos|ouvireis|ouvirão|ouviria|ouvirias|ouviria|ouviríamos|ouviríeis|ouviriam|ouvisse|ouvisses|ouvisse|ouvíssemos|ouvísseis|ouvissem|ouvir|ouvires|ouvir|ouvirmos|ouvirdes|ouvirem) das boas,2
Passar ao lado,(passar|passo|passa|passas|passa|passam|passamos|passais|passam|passava|passavas|passávamos|passáveis|passavam|passei|passaste|passou|passamos|passastes|passaram|passara|passaras|passáramos|passáreis|passaram|passarei|passarás|passará|passaremos|passareis|passarão|passaria|passarias|passaríamos|passaríeis|passariam|passasse|passasses|passássemos|passásseis|passassem|passar|passares|passarmos|passardes|passarem|passa|passe|passemos|passai|passem) ao lado,191
Pedir penico,(pedir|pedindo|pedido|peço|pedes|pede|pedimos|pedis|pedem|pedia|pedias|pedíamos|pedíeis|pediam|pedi|pediste|pediu|pedimos|pedistes|pediram|pedirei|pedirás|pedirá|pediremos|pedireis|pedirão|pediria|pedirias|pediríamos|pediríeis|pediriam|peça|peças|peçamos|peçais|peçam|peças|peçamos|pedires|pedirmos|pedirdes|pedirem|pedindo|pedir|pedidores|pedidora|pedidoras|pedidos|pedidas) penico,3
Pegar ar,(pego|pegas|pega|pegamos|pegam|pegarei|pegarás|pegará|pegaremos|pegarão|pegaria|pegarias|pegaria|pegaríamos|pegariam|pegava|pegavas|pegava|pegávamos|pegavam|peguei|pegaste|pegou|pegamos|pegaram|pegue|pegues|pegue|peguemos|pegueis|peguem|pegando|pegado|pegada|pegados|pegadas|pegador|pegadores|pegadora|pegadoras|pegado|pegada|pegados|pegadas) ar,38
Pegar o beco,(pego|pegas|pega|pegamos|pegam|pegarei|pegarás|pegará|pegaremos|pegarão|pegaria|pegarias|pegaria|pegaríamos|pegariam|pegava|pegavas|pegava|pegávamos|pegavam|peguei|pegaste|pegou|pegamos|pegaram|pegue|pegues|pegue|peguemos|pegueis|peguem|pegando|pegado|pegada|pegados|pegadas|pegador|pegadores|pegadora|pegadoras|pegado|pegada|pegados|pegadas) o beco,7
Pendurar as chuteiras,(pendurar|penduro|pendura|penduras|pendura|penduram|penduramos|pendurais|penduram|pendurava|penduravas|pendurávamos|penduráveis|penduravam|pendurei|penduraste|pendurou|penduramos|pendurastes|penduraram|pendurara|penduraras|penduráramos|penduráreis|penduraram|pendurarei|pendurarás|pendurará|penduraremos|pendurareis|pendurarão|penduraria|pendurarias|penduraríamos|penduraríeis|pendurariam|pendurasse|pendurasses|pendurássemos|pendurásseis|pendurassem|pendurar|pendurares|pendurarmos|pendurardes|pendurarem|pendura|pendure|penduremos|pendureis|pendurem) as chuteiras,268
Pensar na morte da bezerra,(penso|pensas|pensa|pensamos|pensam|pensarei|pensarás|pensará|pensaremos|pensarão|pensaria|pensarias|pensaria|pensaríamos|pensariam|pensava|pensavas|pensava|pensávamos|pensavam|pensei|pensaste|pensou|pensamos|pensaram|pense|penses|pense|pensemos|penseis|pensem|pensando|pensado|pensada|pensados|pensadas|pensamento|pensamentos|pensadamente|pensadamente|pensador|pensadores|pensadora|pensadoras|pensado|pensada|pensados|pensadas) na morte da bezerra,2
Pular a cerca,(pular|pulo|pula|pulas|pula|pulam|pulamos|pulais|pulam|pulava|pulavas|pulávamos|puláveis|pulavam|pulei|pulaste|pulou|pulamos|pulastes|pularam|pulara|pularas|puláramos|puláreis|pularam|pularei|pularás|pulará|pularemos|pulareis|pularão|pularia|pularias|pularíamos|pularíeis|pulariam|pulasse|pulasses|pulássemos|pulásseis|pulassem|pular|pulares|pularmos|pulardes|pularem|pula|pule|pulemos|puleis|pulem) a cerca,100
Quebrar a tigela,(quebrar|quebro|quebras|quebra|quebramos|quebrais|quebram|quebrava|quebravas|quebrava|quebrávamos|quebráveis|quebravam|quebrei|quebraste|quebrou|quebramos|quebrastes|quebraram|quebrara|quebraras|quebrara|quebráramos|quebráreis|quebraram|quebrarei|quebrarás|quebrará|quebraremos|quebrareis|quebrarão|quebraria|quebrarias|quebraria|quebraríamos|quebraríeis|quebrariam|quebre|quebres|quebre|quebremos|quebreis|quebrem|quebrares|quebrar|quebrarmos|quebrardes|quebrarem) a tigela,15
Rebentar as águas,(rebento|rebentas|rebenta|rebentamos|rebentam|rebentarei|rebentarás|rebentará|rebentaremos|rebentarão|rebentaria|rebentarias|rebentaria|rebentaríamos|rebentariam|rebentava|rebentavas|rebentava|rebentávamos|rebentavam|rebentei|rebentaste|rebentou|rebentamos|rebentaram|rebente|rebentes|rebente|rebentemos|rebenteis|rebentem|rebentando|rebentado|rebentada|rebentados|rebentadas|rebentamento|rebentamentos|rebentador|rebentadores|rebentadora|rebentadoras|rebentado|rebentada|rebentados|rebentadas) as águas,2
Rebentar pelas costuras,(rebento|rebentas|rebenta|rebentamos|rebentam|rebentarei|rebentarás|rebentará|rebentaremos|rebentarão|rebentaria|rebentarias|rebentaria|rebentaríamos|rebentariam|rebentava|rebentavas|rebentava|rebentávamos|rebentavam|rebentei|rebentaste|rebentou|rebentamos|rebentaram|rebente|rebentes|rebente|rebentemos|rebenteis|rebentem|rebentando|rebentado|rebentada|rebentados|rebentadas|rebentamento|rebentamentos|rebentador|rebentadores|rebentadora|rebentadoras|rebentado|rebentada|rebentados|rebentadas) pelas costuras,1
Rebolar no mato,(rebolando|rebolado|rebolada|rebolados|reboladas|rebolamento|rebolamentos|rebolador|reboladores|reboladora|reboladoras|rebolas|rebola|rebolamos|rebolam|rebolarei|rebolares|rebolará|rebolaremos|rebolarão|rebolaria|rebolarias|rebolaria|rebolaríamos|rebolariam|rebolava|rebolavas|rebolava|rebolávamos|rebolavam|rebolei|rebolaste|rebolou|rebolamos|rebolaram|rebole|rebolas|rebolamos|rebola|rebolamos|rebolam|rebolando|rebolado|rebolada|rebolados|reboladas|rebolamento|rebolamentos|rebolador|reboladores|reboladora|reboladoras) no mato,0
Riscar do mapa,(riscar|riscando|riscado|risco|riscas|riscamos|riscais|riscam|riscava|riscavas|riscávamos|riscáveis|riscavam|riscara|riscaras|riscáramos|riscáreis|riscaram|riscarei|riscarás|riscará|riscaremos|riscareis|riscarão|riscaria|riscarias|riscaríamos|riscaríeis|riscariam|riscasse|riscasses|riscássemos|riscásseis|riscassem|riscar|riscares|riscarmos|riscardes|riscarem|riscando|riscar|riscadores|riscadora|riscadoras|riscados|riscadas) do mapa,8
Roer a corda,(roer|roo|roa|roas|roa|roem|roemos|roeis|roem|roía|roías|roíamos|roíeis|roíam|roí|roeste|roeu|roemos|roestes|roeram|roera|roeras|roêramos|roêreis|roeram|roerei|roerás|roerá|roeremos|roereis|roerão|roeria|roerias|roeríamos|roeríeis|roeriam|roesse|roesses|roêssemos|roêsseis|roessem|roer|roeres|roermos|roerdes|roerem|roa|roe|roamos|roais|roam) a corda,2
Romper caminho,(rompo|rompes|rompe|rompemos|rompem|romperei|romperás|romperá|romperemos|romperão|romperia|romperias|romperia|romperíamos|romperiam|rompia|rompias|rompia|rompíamos|rompiam|rompi|rompeste|rompeu|rompemos|romperam|rompa|rompas|rompa|rompamos|rompais|rompam|rompendo|rompido|rompida|rompidos|rompidas|rompimento|rompimentos|rompente|rompentes|rompedor|rompedores|rompedora|rompedoras|rompido|rompida|rompidos|rompidas) caminho,0
Saber em que pé está,(sei|sabes|sabe|sabemos|sabeis|sabem|sabia|sabias|sabia|sabíamos|sabíeis|sabiam|soube|soubeste|soube|soubemos|soubestes|souberam|saberia|saberias|saberia|saberíamos|saberíeis|saberiam|saiba|saibas|saiba|saibamos|saibais|saibam|soubesse|soubesses|soubesse|soubéssemos|soubésseis|soubessem|saber|sabermos|saberdes|saberem) em que pé está,4
Soltar a franga,(soltar|solo|solta|soltas|solta|soltam|soltamos|soltais|soltam|soltava|soltavas|solvávamos|solváveis|soltavam|soltei|soltest|soltou|soltamos|soltestes|soltaram|soltara|soltaras|soltáramos|soltáreis|soltaram|solitarei|soltarás|soltará|solitaremos|soltareis|soltarão|soltaria|soltarias|soltaríamos|soltaríeis|soltariam|soltasse|soltasses|soltássemos|soltásseis|soltassem|soltar|soltares|soltarmos|soltardes|soltarem|solo|solte|soltemos|solteis|soltem) a franga,40
Soltar o verbo,(soltar|solo|solta|soltas|solta|soltam|soltamos|soltais|soltam|soltava|soltavas|solvávamos|solváveis|soltavam|soltei|soltest|soltou|soltamos|soltestes|soltaram|soltara|soltaras|soltáramos|soltáreis|soltaram|solitarei|soltarás|soltará|solitaremos|soltareis|soltarão|soltaria|soltarias|soltaríamos|soltaríeis|soltariam|soltasse|soltasses|soltássemos|soltásseis|soltassem|soltar|soltares|soltarmos|soltardes|soltarem|solo|solte|soltemos|solteis|soltem) o verbo,30
Ter a cabeça em água,(ter|tenho|tens|tem|temos|tendes|têm|tinha|tinhas|tínhamos|tínheis|tinham|tive|tiveste|teve|tivemos|tivestes|tiveram|terei|terás|terá|teremos|tereis|terão|teria|terias|teríamos|teríeis|teriam|tenha|tenhas|tenhamos|tenhais|tenham|tenhas|tenhamos|teres|termos|terdes|terem|tendo|ter|teres|tenha|tenhas|tenhamos|tenhais|tenham|tenhas|tenhamos|teres|termos|terdes|terem|tendo) a cabeça em água,1
Ter dois dedos de conversa,(ter|tenho|tens|tem|temos|tendes|têm|tinha|tinhas|tínhamos|tínheis|tinham|tive|tiveste|teve|tivemos|tivestes|tiveram|terei|terás|terá|teremos|tereis|terão|teria|terias|teríamos|teríeis|teriam|tenha|tenhas|tenhamos|tenhais|tenham|tenhas|tenhamos|teres|termos|terdes|terem|tendo|ter|teres|tenha|tenhas|tenhamos|tenhais|tenham|tenhas|tenhamos|teres|termos|terdes|terem|tendo) dois dedos de conversa,0
Ter ouvidos de tísico,(ter|tenho|tens|tem|temos|tendes|têm|tinha|tinhas|tínhamos|tínheis|tinham|tive|tiveste|teve|tivemos|tivestes|tiveram|terei|terás|terá|teremos|tereis|terão|teria|terias|teríamos|teríeis|teriam|tenha|tenhas|tenhamos|tenhais|tenham|tenhas|tenhamos|teres|termos|terdes|terem|tendo|ter|teres|tenha|tenhas|tenhamos|tenhais|tenham|tenhas|tenhamos|teres|termos|terdes|terem|tendo) ouvidos de tísico,0
Tirar a pinta,(tirar|tiro|tiras|tira|tiramos|tirais|tiram|tirava|tiravas|tirávamos|tiráveis|tiravam|tirei|tiraste|tirou|tiramos|tirastes|tiraram|tirarei|tirarás|tirará|tiraremos|tirareis|tirarão|tiraria|tirarias|tiraríamos|tiraríeis|tirariam|tire|tires|tiremos|tireis|tirem|tendo|tirado|tirada|tirados|tiradas|tirei|tiraste|tirou|tiramos|tirastes|tiraram|tirara|tiraras|tiráramos|tiráreis|tiraram|tivesse|tivesses|tivéssemos|tivésseis|tivessem|tiver|tiveres|tivermos|tiverdes|tiverem|tirando|tirado|tirada|tirados|tiradas|tirar|tirares|tirar|tirarmos|tirardes|tirarem) a pinta,1
Vender gato por lebre,(vender|vendo|venda|vendas|venda|vendam|vendamos|vendais|vendam|vendava|vendavas|vendávamos|vendáveis|vendavam|vendei|vendaste|vendou|vendamos|vendastes|vendaram|vendara|vendaras|vendáramos|vendáreis|vendaram|vendarei|vendarás|vendará|vendaremos|vendareis|vendarão|vendaria|vendarias|vendaríamos|vendaríeis|vendariam|vendesse|vendesses|vendêssemos|vendêsseis|vendessem|vender|venderes|vendermos|venderdes|venderem|vendendo|vende|vendemos|vendei|vendam) gato por lebre,10
Ver estrelas,(ver|vejo|vê|vês|vê|veem|vemos|veis|veem|via|vias|víamos|véieis|viam|vi|viste|viu|vimos|vistes|viram|vira|viras|víramos|víreis|viram|verei|verás|verá|veremos|vereis|verão|veria|verias|veríamos|veríeis|veriam|visse|visses|víssemos|vísseis|vissem|ver|veres|vermos|verdes|verem|vê|veja|vejamos|vejais|vejam) estrelas,192
Ver por alto,(vejo|vês|vê|vemos|veem|verei|verás|verá|veremos|verão|veria|verias|veria|veríamos|veriam|via|vias|via|víamos|viam|vi|viste|viu|vimos|viram|veja|vejas|veja|vejamos|vejais|vejam|vendo|visto|vista|vistos|vistas|visão|visões|visual|visuais|visionário|visionários|visionária|visionárias|visto|vista|vistos|vistas) por alto,5
Vestir a camisa,(vestir|visto|veste|vestes|veste|vestem|vestimos|vestis|vestem|vestia|vestias|vestíamos|vestíeis|vestiam|vesti|vestiste|vestiu|vestimos|vestistes|vestiram|vestira|vestiras|vestíramos|vestíreis|vestiram|vestirei|vestirás|vestirá|vestiremos|vestireis|vestirão|vestiria|vestirias|vestiríamos|vestiríeis|vestiriam|vestisse|vestisses|vestíssemos|vestísseis|vestissem|vestir|vestires|vestirmos|vestirdes|vestirem|veste|vista|vistamos|vistais|vistam) a camisa,1188